20757.61;
17352.47;
18483.44;
14601.47;
15427.97;
16060.5;
11893.8;
5211.435;
14719.43;
11603.44;
7622.517;
7691.655;
12741.38;
7987.645;
8735.059;
17270.67;
15449.88;
11893.58;
15445.87;
7279.684;
7029.884;
8880.435;
6517.123;
6875.216;
22277.11;
27231.4;
19726.31;
27192.63;
22140.79;
19358.97;
21175.5;
16180.36;
8332.314;
22501.6;
25819.5;
22767.87;
23272.54;
26560.61;
27688.63;
27144.41;
25110.12;
29963.31;
30061.6;
25500.6;
26927.86;
10280.11;
7145.574;
8602.54;
12257.95;
8331.647;
8393.007;
36387.6;
37704.03;
34676.29;
36446.66;
10653.25;
11596.7;
6743.276;
10128.45;
5088.43;
6015.216;
6015.216;
11936.28;
9369.306;
15099.51;
10319.21;
27803.04;
31245.69;
27610.61;
25724.32;
11145.08;
19626;
7954.197;
10021.71;
9071.979;
14992.29;
8359.615;
8252.412;
9863.082;
12011.33;
10163.38;
12853.14;
12607.83;
13307.27;
11819.36;
11819.36;
12291.25;
19143.61;
17755.47;
11186.25;
9385.756;
17847.02;
7090.924;
5249.102;
11322.64;
15169.17;
13392.83;
12277.44;
14658.04;
15232.93;
20757.61;
17352.47;
18483.44;
14601.47;
15427.97;
16060.5;
11893.8;
5211.435;
14719.43;
11603.44;
7622.517;
7691.655;
12741.38;
7987.645;
8735.059;
17270.67;
15449.88;
11893.58;
15445.87;
7279.684;
7029.884;
8880.435;
6517.123;
6875.216;
22277.11;
27231.4;
19726.31;
27192.63;
22140.79;
19358.97;
21175.5;
16180.36;
8332.314;
22501.6;
25819.5;
22767.87;
23272.54;
26560.61;
27688.63;
27144.41;
25110.12;
29963.31;
30061.6;
25500.6;
26927.86;
10280.11;
7145.574;
8602.54;
12257.95;
8331.647;
8393.007;
36387.6;
37704.03;
34676.29;
36446.66;
10653.25;
11596.7;
6743.276;
10128.45;
5088.43;
6015.216;
6015.216;
11936.28;
9369.306;
15099.51;
10319.21;
27803.04;
31245.69;
27610.61;
25724.32;
11145.08;
19626;
7954.197;
10021.71;
9071.979;
14992.29;
8359.615;
8252.412;
9863.082;
12011.33;
10163.38;
12853.14;
12607.83;
13307.27;
11819.36;
11819.36;
12291.25;
19143.61;
17755.47;
11186.25;
9385.756;
17847.02;
7090.924;
5249.102;
11322.64;
15169.17;
13392.83;
12277.44;
14658.04;
15232.93;
20690.03;
17298.22;
18371.15;
14502.55;
15361.73;
15950.13;
11850.73;
5200.28;
14720.23;
11601.69;
7574.333;
7688.137;
12741.33;
7991.676;
8751.543;
17230.15;
15380.63;
11817.38;
15369.82;
7326.434;
7067.388;
8912.661;
6542.96;
6951.815;
22203.97;
27171.15;
19610.93;
27018.07;
21936.62;
19211.2;
20999.85;
16023.73;
8248.93;
22341.34;
25589.85;
22642.55;
23261.68;
26610.19;
27734.98;
27180.8;
25114.09;
29898.32;
29963.52;
25524.54;
26966.86;
10186.03;
7077.475;
8546.423;
12211.89;
8286.626;
8387.023;
36303.96;
37584.19;
34640.32;
36338.07;
10613.38;
11527.91;
6708.553;
10063.06;
5134.455;
5971.497;
5971.497;
11683.82;
9268.436;
15064.33;
10255.99;
27765.44;
31084.06;
27536.42;
25627.43;
11068.43;
19404.36;
7885.057;
9936.009;
8993.161;
14947.08;
8321.636;
8256.793;
9788.86;
11950.14;
10130.69;
12807.74;
12603.45;
13277.91;
11789.19;
11789.19;
12264.96;
19170.09;
17748.22;
11182.76;
9384.421;
17758.54;
6836.026;
4964.322;
11287.21;
15101.46;
13302.08;
12158.69;
14591.87;
15212.5;
20447.49;
17097.69;
18149.64;
14280.99;
15187.68;
15722.61;
11708.29;
5158.947;
14601.39;
11525.06;
7477.097;
7619.603;
12658.71;
7928.125;
8694.019;
17043.93;
15181.3;
11663.28;
15251.63;
7327.25;
7045.126;
8872.357;
6513.468;
6969.624;
21943.08;
26881.12;
19329.7;
26615.03;
21577.02;
18900.96;
20686.5;
15761.12;
8095.79;
21992.14;
25152.46;
22368.9;
23058.29;
26434.74;
27546.79;
26987.35;
24905.67;
29625.11;
29652.51;
25359.95;
26777.81;
10028.51;
6954.83;
8442.867;
12085.6;
8171.528;
8312.251;
35915.39;
37195.1;
34326.81;
35922.19;
10484.46;
11391.67;
6617.097;
9928.323;
5150.697;
5877.28;
5877.28;
11651.83;
9283.66;
14901.77;
10134.29;
27501.83;
30716.03;
27229.38;
25361.37;
10904.05;
19023.54;
7757.588;
9781.294;
8844.917;
14784.93;
8215.667;
8193.151;
9661.11;
11797.81;
10017.69;
12670.52;
12492.49;
13139.4;
11663.91;
11663.91;
12148.2;
19034.46;
17635.78;
11111.04;
9303.73;
17557.04;
6877.008;
5371.118;
11156.33;
14917.45;
13109.33;
11976.66;
14411.58;
15063.42;
20457.81;
17098.52;
18137.44;
14294.89;
15190.65;
15721.69;
11701.75;
5152.859;
14594.5;
11513.78;
7470.595;
7619.037;
12642.68;
7917.9;
8679.707;
17052.44;
15187.07;
11659.81;
15249.02;
7316.063;
7037.063;
8858.924;
6501.734;
6954.299;
21975.66;
26849.35;
19372.71;
26653.11;
21636.33;
18956.48;
20728.53;
15796.22;
8136.653;
22043.44;
25211.18;
22380.08;
23048.21;
26417.71;
27537.11;
26979.14;
24886.86;
29601.92;
29648.12;
25337.55;
26768.91;
10038.29;
6953.793;
8442.467;
12078.91;
8177.887;
8317.823;
35913.25;
37194.52;
34315.53;
35935.16;
10491.52;
11390.55;
6618.204;
9933.076;
5176.17;
5868.481;
5868.481;
11928.14;
9518.153;
14904.61;
10384.76;
27512.08;
30729.65;
27240.77;
25375.05;
10920.03;
19065.45;
7775.775;
9812.303;
8856.92;
14804.3;
8221.556;
8173.85;
9647.02;
11790.37;
10005.47;
12655.9;
12488.48;
13131.71;
11670.57;
11670.57;
12140.92;
19031.42;
17622.56;
11099.78;
9301.155;
17588.26;
6990.167;
5218.415;
11139.54;
14903.76;
13102.09;
11965;
14443.16;
15046.17;
20453.19;
17086.86;
18112;
14298.36;
15186.44;
15709.46;
11686.68;
5143.008;
14581.79;
11494.11;
7458.64;
7612.909;
12617.42;
7901.895;
8659.062;
17048.5;
15181.76;
11647.82;
15241.96;
7299.561;
7023.863;
8839.02;
6485.25;
6933.896;
21992.21;
26797.98;
19401.58;
26671.72;
21679.84;
18998.14;
20755.42;
15819.79;
8171.576;
22078.64;
25260.16;
22374.92;
23021.3;
26381.4;
27507.31;
26951.22;
24849.87;
29557.12;
29622.09;
25296.64;
26740.46;
10040.74;
6947.68;
8435.899;
12063.39;
8178.276;
8319.458;
35886.97;
37166.79;
34279.2;
35921.9;
10490.91;
11381.12;
6614.477;
9930.572;
5197.864;
5855.399;
5855.399;
12197.21;
9745.694;
14896.57;
10627.65;
27511.03;
30720.84;
27232.26;
25370.22;
10933.85;
19093.44;
7788.286;
9836.148;
8863.491;
14812.85;
8223.187;
8150.38;
9625.884;
11774.33;
9985.949;
12632.04;
12475.35;
13117.57;
11673.29;
11673.29;
12127.68;
19014.47;
17596.47;
11080.42;
9291.789;
17606.64;
7268.011;
5075.97;
11114.62;
14879.18;
13086.41;
11944.61;
14464.21;
15017.93;
20389.66;
17058.61;
18134.29;
14221.92;
15148.51;
15690.04;
11695.71;
5159.824;
14592.72;
11522.37;
7479.541;
7608.017;
12663.04;
7931.21;
8703.594;
16989.61;
15136.52;
11644.69;
15224.28;
7347.245;
7045.823;
8879.8;
6526.229;
6985.005;
21838.63;
26885.79;
19201.4;
26504.81;
21411.21;
18752.11;
20557.2;
15656.43;
7996.372;
21860.55;
24986.99;
22297.58;
23027.97;
26410.91;
27505.85;
26944.7;
24888.77;
29606.63;
29596.37;
25349.23;
26736.99;
9997.926;
6941.677;
8425.188;
12072.52;
8140.924;
8285.487;
35882.41;
37114.83;
34274.22;
35817.63;
10447.4;
11368.96;
6601.401;
9897.092;
5088.493;
5882.005;
5882.005;
11073.91;
8794.53;
14863.46;
9611.339;
27435.08;
30621.56;
27147.01;
25278.48;
10848.23;
18908.9;
7704.246;
9697.889;
8801.555;
14713.85;
8189.932;
8219.229;
9668.134;
11786.85;
10020.2;
12672.02;
12473.16;
13136.38;
11639.19;
11639.19;
12136.16;
19022.67;
17623.59;
11109.23;
9288.51;
17456.18;
7264.26;
5695.448;
11165.47;
14912.16;
13095.11;
11973.75;
14322.53;
15064.94;
20280.63;
16954.6;
18018.62;
14125.93;
15060.27;
15590.25;
11626.84;
5126.934;
14513.55;
11459.39;
7436.237;
7568.445;
12593.24;
7883.29;
8658.657;
16891.04;
15054.18;
11574.59;
15135.06;
7318.621;
7019.897;
8840.266;
6497.422;
6967.017;
21717.76;
26704.23;
19080.74;
26335.2;
21271.49;
18639.92;
20419.63;
15546.6;
7941.258;
21717.26;
24820.85;
22162.69;
22899.97;
26273.03;
27358.87;
26809.72;
24755.75;
29438.21;
29433.4;
25215.73;
26598.96;
9929.492;
6901.309;
8376.858;
12000.68;
8088.563;
8245.283;
35691.79;
36907.52;
34086.16;
35616.49;
10378.19;
11294.65;
6562.102;
9830.35;
5072.942;
5849.646;
5849.646;
11011.58;
8763.896;
14777.14;
9543.95;
27296.21;
30472.97;
26985.68;
25134.39;
10769.18;
18778;
7650.321;
9633.687;
8738.93;
14622.92;
8140.452;
8172.645;
9595.679;
11713.29;
9958.687;
12608.45;
12402.16;
13063.42;
11585.23;
11585.23;
12074.42;
18938.05;
17532.04;
11048.46;
9238.492;
17357.73;
7321.392;
5757.513;
11090;
14812.26;
13006.64;
11893.15;
14239.45;
14985.1;
20337.95;
17008.87;
18159.96;
14423.23;
15200.18;
15866.24;
11643.8;
5074.135;
14297.53;
11249.05;
7527.019;
7499.603;
12352.13;
7755.174;
8436.768;
16916.62;
15112.66;
11716.8;
15280.38;
6980.893;
6746.153;
8556.97;
6277.585;
6517.504;
21995.83;
26487.88;
19547.34;
26850.61;
22058.34;
19263.67;
21033.25;
16109.36;
8374.183;
22379.67;
25720.82;
22421.07;
22675.24;
25712.24;
26860.2;
26315.12;
24416.97;
29191.07;
29351.02;
24717.1;
26135.14;
10209.69;
7055.004;
8477.438;
11994.41;
8215.235;
8184.03;
35474.24;
36865.32;
33802.29;
35704.64;
10489.45;
11394.62;
6613.564;
9996.423;
5384.541;
5895.129;
5895.129;
12950.93;
9994.58;
14769.59;
10848.74;
27071.91;
30652.66;
27064.3;
25210.88;
11061.97;
19638.1;
7924.148;
10011.79;
9011.102;
14731.7;
8294.655;
7971.295;
9710.243;
11794.24;
9954.538;
12531.87;
12285.33;
12997.16;
11553.43;
11553.43;
12013.24;
18482.2;
17469.99;
10869.93;
9149.003;
17588.15;
7924.81;
6043.972;
11069.64;
14875.6;
13224.04;
12126.34;
14476.82;
14848.05;
20071.86;
16767.59;
17837.94;
13953.7;
14891.34;
15414.92;
11513.35;
5080.792;
14385.71;
11362.15;
7376.328;
7501.759;
12493.06;
7819.519;
8599.432;
16700.98;
14885.57;
11453.99;
14976.77;
7289.87;
6975.322;
8783.807;
6473.276;
6945.207;
21456.49;
26489.09;
18802.88;
25985.3;
20907.32;
18345.3;
20096.48;
15289.23;
7773.634;
21385.46;
24420.82;
21895.39;
22678.54;
26080;
27141.54;
26603.59;
24538.51;
29170.18;
29133.18;
25002;
26386.4;
9804.725;
6828.768;
8287.762;
11882.67;
7983.304;
8155.591;
35369.83;
36518.21;
33751.57;
35263.82;
10251.92;
11166.5;
6494.471;
9705.282;
5014.882;
5805.89;
5805.89;
10368.77;
8239.781;
14627.87;
9057.627;
27015.35;
30145.92;
26689.39;
24838.14;
10604.64;
18491.06;
7530.612;
9461.892;
8608.857;
14420.6;
8042.803;
8129.617;
9503.805;
11596.5;
9872.231;
12511.62;
12277.65;
12951.43;
11474.62;
11474.62;
11967.37;
18793.93;
17404.01;
10955.42;
9147.792;
17110.58;
7769.119;
6163.873;
10993.1;
14666.25;
12868.11;
11776.86;
14039.23;
14865.47;
21947.79;
18756.56;
20168.88;
16776.37;
17053.53;
17798.05;
10364.88;
5598.332;
15687.21;
10668.55;
6951.887;
6924.501;
11711.84;
7245.504;
7857.971;
16380.74;
15998.95;
14006.72;
16255.08;
9325.476;
8994.532;
8278.943;
6773.205;
7207.862;
22987.58;
28933.29;
21219.86;
29394.55;
23780.13;
21183.89;
22433.4;
16823.15;
9075.789;
23804.02;
27182.75;
25352.73;
24179.01;
25630.78;
26663.47;
26434.58;
25874.17;
29414.02;
29680.91;
25796.86;
27242.03;
10822.38;
7893.743;
9200.921;
12960.9;
9219.695;
9619.32;
35246.02;
35637.24;
34240.85;
33693.15;
14367.27;
14249.59;
9634.078;
13577.38;
6346.854;
5253.26;
5253.26;
14774.29;
13466.43;
21111.14;
12679.98;
28035.68;
30515.56;
27450.85;
25841.77;
11017.22;
12874.99;
11646.28;
11159.79;
11657.53;
13908.56;
10721.27;
10328.58;
12459.03;
14413.79;
14086.63;
15695.32;
13783.18;
14972.39;
13252.78;
13252.78;
13935.65;
18219.28;
17215.42;
11523.63;
9851.914;
18588.09;
7808.704;
8461.251;
11976.02;
15657.67;
14738.37;
11978.89;
15097.83;
16132.89;
21960.24;
18766.09;
20204.78;
16787.18;
17060.06;
17817.01;
10376.54;
5599.101;
15688.03;
10667.81;
6930.142;
6924.5;
11721.85;
7245.008;
7858.728;
16409.77;
16011.47;
14034.76;
16279.59;
9292.214;
8956.271;
8241.668;
6748.149;
7180.259;
22967.18;
28893;
21200.88;
29362.84;
23751.06;
21148.47;
22406.38;
16804.31;
9073.022;
23782.07;
27156.26;
25328.79;
24195.79;
25640.71;
26676.48;
26439.37;
25889.29;
29434.86;
29688.58;
25810.35;
27251.98;
10842.04;
7927.026;
9218.507;
12978.55;
9233.609;
9632.584;
35254.43;
35629.99;
34233.35;
33703.95;
14398.59;
14279.66;
9667.775;
13607.74;
6322.136;
5225.323;
5225.323;
14836.3;
13501.17;
21155.97;
12725.32;
28043.29;
30510.95;
27438.63;
25838.5;
10971.25;
12825.4;
11595.5;
11111.55;
11605.74;
13903.72;
10743.51;
10361.04;
12486.2;
14449.25;
14106.46;
15719.05;
13799.89;
14995.3;
13272.95;
13272.95;
13974.06;
18210.11;
17220.37;
11534.88;
9862.878;
18570.03;
7862.401;
8502.981;
12004.25;
15687.88;
14769.64;
11990.34;
15067.21;
16142.66;
21943.42;
18731.37;
20191.64;
16749.45;
17034.54;
17789.92;
10382.12;
5581.506;
15659.32;
10652.34;
6869.058;
6908.363;
11709.39;
7224.607;
7849.345;
16375.56;
15975.83;
14025.44;
16244.46;
9262.049;
8914.01;
8211.195;
6724.76;
7152.832;
22935.74;
28822.68;
21149.84;
29299.41;
23698.43;
21078.53;
22354.97;
16758.34;
9037.142;
23725.59;
27101.55;
25286.71;
24168.58;
25611.87;
26646.39;
26408.75;
25840.14;
29391.99;
29641.86;
25773.84;
27214.1;
10821.54;
7924.675;
9200.921;
12961.12;
9202.623;
9593.833;
35260.18;
35638.9;
34213.64;
33699.87;
14372.28;
14252.19;
9661.22;
13589.67;
6296.706;
5208.519;
5208.519;
14828.7;
13483.71;
21132.07;
12718.29;
28025.4;
30510.29;
27393.98;
25810.82;
10913.49;
12775.98;
11543.22;
11071.35;
11556.46;
13895.49;
10737.5;
10355.84;
12476.57;
14450.46;
14087.29;
15700.51;
13788.85;
14985.38;
13272.81;
13272.81;
13968.69;
18166.37;
17176.6;
11513.12;
9840.029;
18507.68;
7826.521;
8467.99;
11989.4;
15653.04;
14729.46;
11954.96;
15020.41;
16135.92;
21987.71;
18792.48;
20215.75;
16817.45;
17078.01;
17836.21;
10366.35;
5614.544;
15709.76;
10678.53;
6988.148;
6943.555;
11729.11;
7262.19;
7873.26;
16436.68;
16040.04;
14037.85;
16307.48;
9318.248;
8994.569;
8277.068;
6768.549;
7204.5;
23000.31;
28950.49;
21261.53;
29413.23;
23815.32;
21209.01;
22465.59;
16842.82;
9104.878;
23827.98;
27198.92;
25365.45;
24215.72;
25669.72;
26694.7;
26476.97;
25926.93;
29464.66;
29722.11;
25835.39;
27278.21;
10868.12;
7925.858;
9235.426;
13005.44;
9260.497;
9667.062;
35233.06;
35633.11;
34237.85;
33693.02;
14427.84;
14300.79;
9670.045;
13630.34;
6357.417;
5239.808;
5239.808;
14837.31;
13516.73;
21170.46;
12737.4;
28060.65;
30527.48;
27471.09;
25854.71;
11024.13;
12869.13;
11642.65;
11146.82;
11651.65;
13914.31;
10747.64;
10361.66;
12490.29;
14441.62;
14119.36;
15730.62;
13804.81;
14998.57;
13267.18;
13267.18;
13973.22;
18245.75;
17256.5;
11557.31;
9881.338;
18624.13;
7894.788;
8534.211;
12013.78;
15715.75;
14803.26;
12020.41;
15113.42;
16142.24;
21987.71;
18792.48;
20215.75;
16817.45;
17078.01;
17836.21;
10366.35;
5614.544;
15709.76;
10678.53;
6988.148;
6943.555;
11729.11;
7262.19;
7873.26;
16436.68;
16040.04;
14037.85;
16307.48;
9318.248;
8994.569;
8277.068;
6768.549;
7204.5;
23000.31;
28950.49;
21261.53;
29413.23;
23815.32;
21209.01;
22465.59;
16842.82;
9104.878;
23827.98;
27198.92;
25365.45;
24215.72;
25669.72;
26694.7;
26476.97;
25926.93;
29464.66;
29722.11;
25835.39;
27278.21;
10868.12;
7925.858;
9235.426;
13005.44;
9260.497;
9667.062;
35233.06;
35633.11;
34237.85;
33693.02;
14427.84;
14300.79;
9670.045;
13630.34;
6357.417;
5239.808;
5239.808;
14837.31;
13516.73;
21170.46;
12737.4;
28060.65;
30527.48;
27471.09;
25854.71;
11024.13;
12869.13;
11642.65;
11146.82;
11651.65;
13914.31;
10747.64;
10361.66;
12490.29;
14441.62;
14119.36;
15730.62;
13804.81;
14998.57;
13267.18;
13267.18;
13973.22;
18245.75;
17256.5;
11557.31;
9881.338;
18624.13;
7894.788;
8534.211;
12013.78;
15715.75;
14803.26;
12020.41;
15113.42;
16142.24;
17670.73;
15215.54;
16869.88;
14332.31;
13861.47;
16054.95;
7850.671;
4908.694;
12319.5;
8093.566;
5935.322;
5503.747;
9820.24;
5672.722;
6315.655;
15517.04;
14188.42;
13795.95;
15411.81;
5269.647;
5693.145;
5495.588;
5802.185;
4018.292;
16019.93;
20055.33;
15978.34;
20423.53;
17030.18;
15436.8;
16320.67;
12330.73;
7726.167;
17181.3;
19158.74;
17880.8;
20050.48;
21077.71;
22336.35;
21532.62;
22581.51;
24569.41;
24312.27;
21238.05;
22373.4;
10986.93;
8384.68;
9305.728;
12065.65;
9012.361;
8990.097;
25779.68;
25520.62;
24493.51;
25210.53;
15875.75;
14560.26;
11859.38;
15381.67;
4093.794;
3993.274;
3993.274;
20433.84;
17351.89;
23456.54;
17520.69;
19841.7;
22745.78;
19759.41;
19008.3;
10678.04;
8322.479;
7347.894;
8419.69;
7900.129;
10014.25;
10227.91;
11249.15;
13294.34;
14420.53;
13629.68;
14180.25;
12906.85;
13838.41;
11547.78;
11547.78;
14312.73;
14068.28;
14131.46;
10388.72;
9076.783;
13869.09;
12334.14;
11359.68;
11665.5;
14972.09;
15040.11;
10534.4;
10409.71;
12877.51;
17352.53;
15008.88;
16513.8;
14053.92;
13554.42;
15689.29;
7684.544;
4914.206;
12117.38;
7990.873;
5748.303;
5449.204;
9612.103;
5564.245;
6160.312;
15453.44;
14324.2;
13614.48;
15323.65;
5210.831;
5688.768;
5489.16;
5635.618;
3987.641;
16005.69;
19949.75;
15871.29;
20352.08;
16963.9;
15445.88;
16233.89;
12265.93;
7569.615;
17121.88;
19132.89;
17893.49;
19967.65;
21062.84;
22313.03;
21523.01;
22428.4;
24406.93;
24343.18;
21187.79;
22373.11;
10793.5;
8250.912;
9246.391;
11879.14;
8980.584;
8923.972;
25572.51;
25263.84;
24244.18;
24869.83;
15903.27;
14480.6;
11900.45;
15375.07;
4000.222;
3723.656;
3723.656;
20474.19;
17401.61;
23452.39;
17480.12;
19685.85;
22710.11;
19639.96;
18917.05;
10414.31;
8079.988;
7124.498;
8157.254;
7647.498;
10032.79;
10078.77;
11065.7;
13115.4;
14212.91;
13476.47;
14015.69;
12762.35;
13704.42;
11374.41;
11374.41;
14149.77;
13856.02;
14018.81;
10226.59;
8981.951;
14036.38;
12726.37;
11835.94;
11284.95;
14508.59;
14569.15;
9963.928;
10469.27;
12540.15;
20636.45;
17270.22;
18406.01;
14571.39;
15379.04;
16029.45;
11831.24;
5164.486;
14561.73;
11484.18;
7600.381;
7631.688;
12599.87;
7911.376;
8627.466;
17178.63;
15362.34;
11867.83;
15426.87;
7157.482;
6917.267;
8764.958;
6424.3;
6726.382;
22207.72;
26973.21;
19737.41;
27128.09;
22183.3;
19410.22;
21184.69;
16210.34;
8390.937;
22540.05;
25887.42;
22681.29;
23095.77;
26254.99;
27410.51;
26846.87;
24884.9;
29707.76;
29853.21;
25238.75;
26662.53;
10281.95;
7137.959;
8573.125;
12175.06;
8311.11;
8318.456;
36088.32;
37482.5;
34420.94;
36239.86;
10625.09;
11547.77;
6708.138;
10111.57;
5198.812;
5986.77;
5986.77;
12403.67;
9706.426;
14994.55;
10543.12;
27567.27;
31113.38;
27477.79;
25590.58;
11151.84;
19732.93;
7976.703;
10055.46;
9078.512;
14934.57;
8359.07;
8143.638;
9824.702;
11965.93;
10112.33;
12756.01;
12508.52;
13200.78;
11736.47;
11736.47;
12198.23;
18912.72;
17664.47;
11068;
9315.448;
17790.39;
7547.699;
5675.756;
11250.86;
15102.09;
13365.56;
12266.15;
14640.2;
15111.76;
21968.15;
18774.87;
20189.46;
16797.22;
17066.08;
17817.44;
10365.8;
5606.37;
15698.78;
10673.74;
6970.146;
6934.152;
11720.69;
7253.977;
7865.763;
16409;
16019.78;
14022.54;
16281.57;
9322.026;
8994.715;
8278.157;
6770.996;
7206.308;
22994.37;
28942.41;
21241.09;
29404.43;
23798.16;
21196.85;
22449.9;
16833.29;
9090.501;
23816.43;
27191.33;
25356.87;
24196.09;
25650.73;
26679.57;
26456.26;
25901.02;
29439.87;
29702.06;
25816.6;
27260.41;
10845.44;
7909.943;
9218.343;
12983.41;
9240.27;
9643.367;
35240.17;
35635.85;
34239.98;
33693.7;
14397.82;
14275.45;
9652.24;
13604.11;
6350.689;
5246.63;
5246.63;
14806.07;
13491.83;
21141.19;
12708.92;
28047.54;
30522.08;
27461.47;
25848.73;
11020.88;
12872.29;
11644.68;
11153.51;
11654.81;
13911.68;
10733.21;
10345.31;
12474.89;
14427.97;
14103.26;
15713.25;
13794.24;
14985.76;
13260.22;
13260.22;
13954.68;
18232.85;
17236.28;
11540.69;
9866.813;
18606.46;
7851.892;
8497.885;
11995.12;
15686.99;
14771.09;
11999.87;
15105.9;
16137.86;
20242.22;
16921.28;
17996.31;
14090.84;
15028.44;
15561.3;
11611.11;
5123.212;
14497.43;
11448.74;
7432.146;
7559.169;
12585.18;
7878.432;
8656.417;
16850.15;
15019.55;
11555.89;
15109.09;
7322.681;
7014.548;
8836.809;
6503.437;
6969.055;
21659.83;
26698.91;
19011.59;
26259.93;
21171.26;
18559.22;
20338.36;
15481.6;
7888.825;
21635.26;
24717.91;
22109.01;
22866.21;
26249.52;
27329.56;
26784.73;
24727.19;
29405.06;
29381.41;
25189.9;
26565.38;
9906.937;
6889.125;
8361.212;
11984.39;
8066.685;
8225.199;
35646.31;
36837.4;
34032.18;
35557.83;
10351.23;
11274.12;
6551.649;
9806.745;
5037.704;
5847.26;
5847.26;
10717.12;
8517.139;
14753.1;
9282.557;
27240.65;
30400.96;
26922.56;
25072.52;
10732.52;
18710.58;
7621.448;
9584.136;
8710.141;
14575.48;
8120.968;
8179.057;
9591.401;
11698.3;
9951.853;
12598.96;
12382.42;
13051.3;
11563.46;
11563.46;
12058.59;
18919.02;
17522.88;
11038.58;
9223.378;
17293.18;
7520.95;
5924.279;
11085.57;
14797.59;
12988.97;
11882.03;
14188.92;
14973.69;
17725.5;
15284.29;
16920.67;
14394.11;
13896.71;
16113.74;
7868.754;
4942.458;
12374.78;
8128.113;
5949.092;
5536.662;
9853.253;
5694.078;
6330.31;
15600.02;
14288.99;
13855.9;
15493.7;
5295.507;
5719.921;
5524.162;
5818.903;
4035.635;
16101.29;
20141.38;
16064.4;
20510.02;
17124.08;
15516.73;
16403.63;
12392.34;
7756.765;
17275.46;
19259.21;
17955.56;
20153.97;
21173.45;
22435.61;
21632.36;
22688.45;
24678.32;
24439.3;
21339.33;
22479.6;
11034.65;
8427.146;
9353.238;
12125.07;
9079.73;
9052.525;
25873.71;
25601.78;
24572.29;
25280.33;
15966.32;
14633.21;
11919.33;
15453.95;
4067.578;
3990.867;
3990.867;
20512.17;
17422.72;
23549.4;
17590.21;
19921.08;
22853.38;
19852.59;
19088.04;
10696.16;
8343.893;
7368.019;
8441.443;
7925.506;
10063.86;
10271.71;
11296.89;
13337.88;
14472.41;
13686.01;
14238.43;
12950.49;
13889.28;
11583.2;
11583.2;
14364.2;
14113.87;
14221.13;
10439.93;
9127.689;
13965.59;
12439.59;
11460.31;
11723.62;
15027.54;
15100.88;
10577.04;
10471.93;
12903.61;
17266.21;
14883.84;
16432.48;
13939.57;
13503.59;
15580.56;
7671.512;
4831.638;
12033.07;
7937.816;
5715.722;
5383.667;
9553.411;
5510.026;
6148.19;
15257.71;
14147.71;
13527.41;
15155.23;
5170.295;
5644.246;
5451.118;
5610.258;
3962.359;
15917.43;
19861.71;
15726.61;
20238.64;
16840.81;
15333.54;
16108.46;
12180.98;
7509.607;
17011.64;
19020.08;
17793.55;
19776.43;
20885.1;
22129.14;
21340.54;
22223.31;
24204.88;
24107.95;
20999.83;
22176.1;
10685.71;
8166.212;
9138.126;
11754.03;
8828.036;
8779.517;
25489.84;
25207.55;
24186.62;
24792.44;
15700.72;
14324.98;
11764.29;
15200.29;
4032.311;
3722.828;
3722.828;
20265.98;
17228.23;
23245.5;
17305.69;
19608.47;
22555.54;
19533.95;
18799.07;
10363.7;
8030.777;
7082.564;
8115.775;
7596.417;
9972.589;
9973.986;
10962.94;
13025.86;
14119.23;
13368.97;
13907.31;
12682.44;
13606.3;
11334.1;
11334.1;
14043.98;
13774.92;
13879.8;
10131.21;
8873.354;
13862.42;
12482.68;
11608.51;
11176.39;
14370.83;
14434.18;
9889.518;
10384.94;
12511.74;
20374.24;
17038.99;
18091.23;
14220.79;
15136.5;
15667.4;
11672.82;
5143.65;
14562.27;
11494.98;
7456.321;
7594.887;
12627.17;
7906.365;
8675.514;
16984.13;
15131.67;
11625.68;
15202.94;
7319.267;
7033.614;
8856.059;
6501.685;
6965.742;
21851.76;
26793.31;
19236.9;
26505.57;
21469.57;
18805.34;
20589.11;
15682.86;
8042.821;
21889.34;
25032.55;
22287.65;
22990.87;
26364.61;
27468.03;
26911.77;
24839.43;
29541.63;
29562.33;
25295.1;
26703.43;
9987.235;
6932.611;
8415.804;
12048.58;
8139.166;
8286.958;
35818.32;
37078.09;
34225.82;
35798.34;
10442.48;
11350.88;
6592.513;
9888.929;
5128.299;
5863.343;
5863.343;
11478.23;
9144.735;
14847.98;
9971.631;
27420.67;
30623.66;
27133.02;
25273.17;
10852.53;
18927.45;
7717.071;
9730.095;
8804.352;
14724.35;
8185.974;
8177.86;
9628.376;
11760.42;
9989.37;
12641.4;
12454.41;
13104.54;
11632.86;
11632.86;
12116.51;
18989.26;
17583.62;
11082.21;
9276.593;
17485.76;
6995.604;
5476.63;
11122.89;
14868.86;
13063.9;
11937.79;
14345.47;
15026.6;
20454.52;
17099.66;
18145.19;
14289.24;
15190.55;
15723.58;
11706.09;
5156.373;
14596.9;
11520.47;
7474.528;
7620.015;
12651.85;
7923.733;
8687.655;
17049.74;
15185.57;
11662.61;
15251.52;
7322.313;
7041.736;
8866.452;
6508.194;
6962.597;
21961.37;
26867.69;
19352.97;
26636.5;
21608.64;
18930.45;
20709.41;
15780.11;
8116.962;
22019.8;
25182.38;
22376.53;
23055.36;
26428.63;
27544.46;
26985.71;
24898.53;
29616.22;
29653.02;
25351.07;
26775.8;
10034.32;
6954.945;
8443.437;
12083.35;
8175.454;
8315.153;
35916.56;
37198.2;
34324.3;
35931.95;
10488.94;
11392.15;
6618.253;
9931.604;
5163.904;
5873.416;
5873.416;
11791.06;
9401.767;
14904.55;
10260.46;
27505.97;
30725.65;
27237.55;
25370.53;
10913.04;
19046.23;
7767.391;
9797.693;
8851.727;
14795.97;
8218.487;
8183.346;
9654.944;
11795.17;
10012.5;
12664.37;
12491.63;
13135.19;
11666.01;
11666.01;
12145.67;
19034.67;
17630.77;
11106.42;
9303.291;
17574.25;
6850.002;
5295.25;
11148.95;
14911.96;
13106.91;
11971.92;
14428.69;
15056.16;
17507.33;
15114.98;
16689.27;
14183.35;
13701.25;
15863.81;
7770.997;
4904.886;
12221.93;
8040.738;
5840.795;
5474.656;
9717.045;
5609.553;
6241.438;
15480.87;
14268.02;
13719;
15366.04;
5244.504;
5696.349;
5495.85;
5725.098;
4005.573;
16021.44;
20009.12;
15910.99;
20387.28;
17002.93;
15445.75;
16262.93;
12301.56;
7640.137;
17162.07;
19156.83;
17887.4;
20000.96;
21070.89;
22326.41;
21535.5;
22504.01;
24477.62;
24312.51;
21213.15;
22372.66;
10886.55;
8326.788;
9270.884;
11960.12;
8992.895;
8949.072;
25692.33;
25407.86;
24383.95;
25045.67;
15879.78;
14513.26;
11886.71;
15381.15;
4053.666;
3857.634;
3857.634;
20452.71;
17369.71;
23450.82;
17505.57;
19775.89;
22726.42;
19711.79;
18959.72;
10535.31;
8197.635;
7231.619;
8284.197;
7768.83;
10029.43;
10140.15;
11157.21;
13199.42;
14327.83;
13553.5;
14089.92;
12829.2;
13777.89;
11471.34;
11471.34;
14229.77;
13955.68;
14084.19;
10310.4;
9018.566;
13957.08;
12505.75;
11601.77;
11479.03;
14727.93;
14787.1;
10249.14;
10443.14;
12703.98;
20436.73;
17092.6;
18150.77;
14270.13;
15182.04;
15718.77;
11708.35;
5160.578;
14603.22;
11527.54;
7478.672;
7617.802;
12663.26;
7931.068;
8698.794;
17035.01;
15174.25;
11661.83;
15248.97;
7334.257;
7047.229;
8876.65;
6517.556;
6975.38;
21920.77;
26889.65;
19302.9;
26592.87;
21541.46;
18868.04;
20659.83;
15739.25;
8073.142;
21963.04;
25117.97;
22357.19;
23057.03;
26436.02;
27544.09;
26984.08;
24908.27;
29628.6;
29646.59;
25364.22;
26774.94;
10022.39;
6953.444;
8440.756;
12085.64;
8166.112;
8307.833;
35916.98;
37185.21;
34323.06;
35905.88;
10478.06;
11389.11;
6614.733;
9923.23;
5136.55;
5880.072;
5880.072;
11510.47;
9163.864;
14896.27;
10006.27;
27492.66;
30700.82;
27216.23;
25347.59;
10893.08;
18997.37;
7746.371;
9763.111;
8836.494;
14771.2;
8211.48;
8201.916;
9665.512;
11798.3;
10021.06;
12674.37;
12491.08;
13142.24;
11660.93;
11660.93;
12148.51;
19033.35;
17637.56;
11113.63;
9302.471;
17536.62;
6970.604;
5446.075;
11161.67;
14920.21;
13109.36;
11979.21;
14391.84;
15067.92;
20689.93;
17294.21;
18360.33;
14505.82;
15365.82;
15950.08;
11844.42;
5197.321;
14715.44;
11593.07;
7569.133;
7685.888;
12734.31;
7984.501;
8742.122;
17230.02;
15379.59;
11812.61;
15370.45;
7318.958;
7061.534;
8903.638;
6535.397;
6942.344;
22214.66;
27148.26;
19627.5;
27030.28;
21966.71;
19234.15;
21020.87;
16041.5;
8267.334;
22361.38;
25617.13;
22650.63;
23250.67;
26594.84;
27723.03;
27169.73;
25098.22;
29888.04;
29960.8;
25506.77;
26955.5;
10191.41;
7075.433;
8546.172;
12208.79;
8287.7;
8388.748;
36294.65;
37574.3;
34625.8;
36335.29;
10614.21;
11527.13;
6707.393;
10062.88;
5145.929;
5965.553;
5965.553;
11823.38;
9385.775;
15061.92;
10377.44;
27767.91;
31093.56;
27535.1;
25627.75;
11076.56;
19420.43;
7892.171;
9949.037;
8998.81;
14952.98;
8323.341;
8245.897;
9781.979;
11943.35;
10121.97;
12800.83;
12598.22;
13272.23;
11791.82;
11791.82;
12262.22;
19163.66;
17737.05;
11177.88;
9380.731;
17775.34;
6969.299;
5060.034;
11275.9;
15090.72;
13297.96;
12149.73;
14604;
15199.95;
20242.22;
16921.28;
17996.31;
14090.84;
15028.44;
15561.3;
11611.11;
5123.212;
14497.43;
11448.74;
7432.146;
7559.169;
12585.18;
7878.432;
8656.417;
16850.15;
15019.55;
11555.89;
15109.09;
7322.681;
7014.548;
8836.809;
6503.437;
6969.055;
21659.83;
26698.91;
19011.59;
26259.93;
21171.26;
18559.22;
20338.36;
15481.6;
7888.825;
21635.26;
24717.91;
22109.01;
22866.21;
26249.52;
27329.56;
26784.73;
24727.19;
29405.06;
29381.41;
25189.9;
26565.38;
9906.937;
6889.125;
8361.212;
11984.39;
8066.685;
8225.199;
35646.31;
36837.4;
34032.18;
35557.83;
10351.23;
11274.12;
6551.649;
9806.745;
5037.704;
5847.26;
5847.26;
10717.12;
8517.139;
14753.1;
9282.557;
27240.65;
30400.96;
26922.56;
25072.52;
10732.52;
18710.58;
7621.448;
9584.136;
8710.141;
14575.48;
8120.968;
8179.057;
9591.401;
11698.3;
9951.853;
12598.96;
12382.42;
13051.3;
11563.46;
11563.46;
12058.59;
18919.02;
17522.88;
11038.58;
9223.378;
17293.18;
7520.95;
5924.279;
11085.57;
14797.59;
12988.97;
11882.03;
14188.92;
14973.69;
17349.49;
15029.82;
16571.28;
14142.37;
13609.34;
15842.2;
7685.854;
4904.909;
12164.18;
7980.622;
5847.916;
5454.875;
9692.958;
5590.793;
6197.543;
15448.61;
14184.44;
13700.39;
15351.37;
5212.53;
5661.237;
5427.084;
5714.861;
3959.226;
15800.05;
19727.19;
15792.65;
20114.4;
16830.41;
15274.09;
16109.08;
12186.39;
7631.027;
16975.52;
18909.61;
17627.41;
19870.38;
20893.64;
22151.15;
21349.82;
22387.68;
24297.56;
24121.36;
21052.55;
22185.74;
10911.2;
8337.49;
9251.896;
11965.44;
9003.263;
8951.93;
25332.43;
25017.93;
24012.15;
24720.32;
15886.98;
14488.7;
11891.15;
15376.28;
4048.312;
3896.271;
3896.271;
20484.75;
17370.69;
23384.13;
17558.14;
19509.72;
22428.43;
19463.17;
18730.44;
10525.04;
8161.65;
7250.896;
8244.451;
7783.787;
9889.362;
10136.06;
11173.45;
13167.14;
14314.84;
13537.99;
14026.98;
12780.61;
13717.77;
11387.95;
11387.95;
14201.18;
13864.19;
14030.82;
10292.31;
9017.774;
13808.83;
12562.96;
11580.79;
11548.47;
14785.11;
14879.84;
10325.51;
10326.76;
12614.89;
17295.05;
14938.04;
16460.36;
13988.29;
13516.39;
15625.93;
7670.685;
4873.825;
12063.7;
7955.856;
5732.042;
5414.535;
9576.816;
5533.79;
6148.868;
15359.05;
14235.63;
13567.32;
15241.55;
5190.154;
5666.935;
5465.989;
5624.71;
3974.393;
15940.6;
19874.09;
15783.88;
20265.01;
16878.12;
15370.5;
16149.14;
12207.55;
7536.071;
17045.02;
19051.68;
17820.74;
19862.7;
20968.58;
22214.38;
21425.92;
22319.02;
24296.36;
24218.63;
21087.31;
22268.08;
10741.47;
8216.152;
9197.193;
11817.18;
8907.405;
8853.896;
25504.97;
25209.38;
24191.04;
24802.3;
15813.12;
14407.04;
11840.62;
15294.8;
4027.048;
3722.869;
3722.869;
20395.66;
17332.17;
23361.19;
17411.15;
19626.98;
22594.1;
19566.98;
18838.16;
10381.19;
8057.294;
7101.481;
8125.443;
7618.444;
9992.975;
10021.33;
11015.92;
13069.22;
14167.35;
13418.83;
13956.86;
12716.66;
13653.92;
11350.3;
11350.3;
14098.11;
13808.02;
13939.1;
10173.91;
8927.415;
13943.83;
12628.29;
11739.45;
11222.94;
14428.07;
14501.58;
9913.759;
10412.87;
12509.81;
